nome,cpf,idade,data,endereco,estado
Sr. Vitor Gabriel Silva,640.***.***-01,90,,Endereco inválido,AP
Calebe Santos,651.***.***-46,40,,Endereco inválido,PB
Arthur Da Rosa,085.***.***-30,53,,Endereco inválido,SE
Juan Pereira,520.***.***-21,68,,Endereco inválido,BA
Dra. Ana Laura Ribeiro,210.***.***-20,69,,Endereco inválido,SP
Maria Clara Araújo,960.***.***-80,41,,Endereco inválido,RO
Vitória Oliveira,302.***.***-83,31,,Endereco inválido,GO
Benjamin Oliveira,451.***.***-84,49,,Endereco inválido,CE
Pietro Barros,843.***.***-50,51,,Endereco inválido,PB
Samuel Cavalcanti,520.***.***-01,89,,Endereco inválido,TO
Ian Da Costa,384.***.***-78,23,,Endereco inválido,PB
Dr. Emanuel Costa,736.***.***-19,55,,Endereco inválido,RJ
Larissa Da Cruz,128.***.***-60,83,,Endereco inválido,RR
Diogo Carvalho,078.***.***-97,83,,Endereco inválido,RS
Sr. Anthony Almeida,305.***.***-60,37,,Endereco inválido,RJ
Clara Martins,397.***.***-86,77,,Endereco inválido,MG
Dr. Luiz Felipe Cardoso,374.***.***-20,69,,Endereco inválido,PE
Sr. Calebe Lopes,135.***.***-77,62,,Endereco inválido,RO
Miguel Monteiro,097.***.***-41,54,,Endereco inválido,SE
Srta. Catarina Da Mata,468.***.***-57,81,,Endereco inválido,AM
João Gabriel Araújo,625.***.***-25,73,,Endereco inválido,MT
Sr. Nicolas Azevedo,036.***.***-33,35,,Endereco inválido,AC
Kamilly Caldeira,508.***.***-47,45,,Endereco inválido,AP
Renan Araújo,186.***.***-57,79,,Endereco inválido,CE
Vicente Nascimento,054.***.***-32,63,,Endereco inválido,DF
Isaac Rocha,873.***.***-69,57,,Endereco inválido,PE
Julia Das Neves,819.***.***-05,60,,Endereco inválido,ES
Breno Rodrigues,196.***.***-34,95,,Endereco inválido,AM
Isabel Nogueira,968.***.***-65,63,,Endereco inválido,TO
Anthony Araújo,208.***.***-26,38,,Endereco inválido,AP
Sra. Marina Da Cunha,067.***.***-95,55,,Endereco inválido,RN
Helena Cardoso,853.***.***-39,51,,Endereco inválido,RR
Luigi Nunes,593.***.***-24,50,,Endereco inválido,RR
Srta. Raquel Da Costa,278.***.***-09,58,,Endereco inválido,PB
Sra. Ana Vitória Oliveira,120.***.***-17,61,,Endereco inválido,PA
Luiza Campos,974.***.***-03,52,,Endereco inválido,SC
Lucca Da Paz,526.***.***-95,71,,Endereco inválido,RN
Nathan Da Rosa,907.***.***-25,31,,Endereco inválido,AM
Lívia Silveira,804.***.***-85,61,,Endereco inválido,AL
Isabel Cavalcanti,492.***.***-04,54,,Endereco inválido,PA
Rafael Nunes,285.***.***-76,38,,Endereco inválido,GO
Elisa Fogaça,572.***.***-92,95,,Endereco inválido,PE
Agatha Ramos,948.***.***-85,24,,Endereco inválido,RJ
Kamilly Rocha,946.***.***-48,59,,Endereco inválido,DF
Antônio Das Neves,435.***.***-82,40,,Endereco inválido,SC
Luiz Gustavo Alves,198.***.***-10,45,,Endereco inválido,MS
Emanuella Fernandes,097.***.***-96,87,,Endereco inválido,PR
Srta. Ana Beatriz Farias,431.***.***-39,62,,Endereco inválido,PE
Yago Monteiro,865.***.***-00,44,,Endereco inválido,BA
Yasmin Gonçalves,017.***.***-14,76,,Endereco inválido,BA
Bruna Nascimento,132.***.***-52,34,,Endereco inválido,DF
Davi Luiz Nogueira,873.***.***-50,97,,Endereco inválido,ES
Ian Monteiro,324.***.***-91,24,,Endereco inválido,MS
Srta. Helena Silva,905.***.***-01,35,,Endereco inválido,AC
Bárbara Novaes,038.***.***-15,88,,Endereco inválido,PA
Sr. Pedro Lucas Costela,534.***.***-00,30,,Endereco inválido,ES
Rafael Jesus,673.***.***-80,22,,Endereco inválido,DF
Sra. Alícia Caldeira,051.***.***-70,90,,Endereco inválido,PA
Danilo Martins,760.***.***-39,99,,Endereco inválido,AP
Sr. Gabriel Da Rosa,530.***.***-53,49,,Endereco inválido,CE
Augusto Teixeira,412.***.***-16,69,,Endereco inválido,RR
Ana Julia Da Rosa,630.***.***-65,42,,Endereco inválido,SP
Lucca Barbosa,836.***.***-77,97,,Endereco inválido,SP
Amanda Da Costa,268.***.***-29,23,,Endereco inválido,SP
Dr. Francisco Cardoso,430.***.***-50,96,,Endereco inválido,TO
Lorena Farias,268.***.***-82,92,,Endereco inválido,AP
Anthony Da Costa,935.***.***-97,36,,Endereco inválido,SE
Cauã Rodrigues,107.***.***-87,98,,Endereco inválido,AL
Anthony Barbosa,631.***.***-00,86,,Endereco inválido,RN
Ana Julia Almeida,179.***.***-09,22,,Endereco inválido,MA
Milena Barros,314.***.***-51,74,,Endereco inválido,PA
Murilo Gomes,759.***.***-93,99,,Endereco inválido,SP
Daniel Barbosa,812.***.***-98,28,,Endereco inválido,CE
Dr. Samuel Cardoso,039.***.***-96,47,,Endereco inválido,BA
Ana Laura Sales,863.***.***-22,78,,Endereco inválido,PR
Mariana Cunha,492.***.***-25,81,,Endereco inválido,AM
Sr. João Guilherme Cavalcanti,347.***.***-70,38,,Endereco inválido,MS
Kamilly Rocha,365.***.***-10,63,,Endereco inválido,MS
Gabriel Nunes,940.***.***-04,55,,Endereco inválido,PA
Rafael Correia,579.***.***-05,72,,Endereco inválido,SE
Ana Lívia Barbosa,925.***.***-60,62,,Endereco inválido,CE
Maitê Teixeira,694.***.***-39,90,,Endereco inválido,PE
Carlos Eduardo Santos,937.***.***-37,69,,Endereco inválido,PR
Enzo Gabriel Araújo,349.***.***-96,70,,Endereco inválido,DESCONHECIDO
Breno Moreira,184.***.***-49,40,,Endereco inválido,AL
Julia Lopes,106.***.***-31,47,,Endereco inválido,PR
André Lima,645.***.***-70,79,,Endereco inválido,RO
João Gabriel Barbosa,190.***.***-67,55,,Endereco inválido,DF
,438.***.***-56,21,,Endereco inválido,GO
João Felipe Oliveira,830.***.***-00,42,,Endereco inválido,RN
Samuel Vieira,218.***.***-53,40,,Endereco inválido,MT
Lucca Ferreira,237.***.***-19,86,,Endereco inválido,MG
Samuel Castro,582.***.***-70,70,,Endereco inválido,AL
Maria Vitória Teixeira,426.***.***-25,61,,Endereco inválido,PA
Maria Fernanda Farias,907.***.***-20,22,,Endereco inválido,AM
Fernanda Sales,879.***.***-32,71,,Endereco inválido,PE
Srta. Eduarda Nogueira,602.***.***-07,66,,Endereco inválido,PB
Maitê Ferreira,016.***.***-99,65,,Endereco inválido,PR
Catarina Pires,079.***.***-11,47,,Endereco inválido,MT
Manuela Da Rocha,839.***.***-57,74,,Endereco inválido,SP
Nina Moura,604.***.***-25,46,,Endereco inválido,PA
Pedro Henrique Vieira,526.***.***-03,42,,Endereco inválido,RR
Ana Clara Cunha,862.***.***-02,36,,Endereco inválido,AC
Pietra Santos,508.***.***-67,94,,Endereco inválido,GO
Sr. Theo Da Conceição,284.***.***-14,26,,Endereco inválido,RR
Vinicius Da Costa,023.***.***-16,66,,Endereco inválido,PA
Pedro Henrique Cunha,519.***.***-93,59,,Endereco inválido,ES
Davi Nogueira,564.***.***-11,74,,Endereco inválido,CE
Luiz Fernando Da Paz,409.***.***-11,80,,Endereco inválido,TO
Srta. Letícia Rocha,137.***.***-32,77,,Endereco inválido,SC
João Nogueira,367.***.***-10,91,,Endereco inválido,CE
João Gabriel Cardoso,962.***.***-34,53,,Endereco inválido,AC
Ryan Ribeiro,409.***.***-48,95,,Endereco inválido,PB
Olivia Das Neves,314.***.***-55,23,,Endereco inválido,AL
Sr. Luiz Miguel Pinto,942.***.***-76,55,,Endereco inválido,SC
Elisa Teixeira,217.***.***-73,79,,Endereco inválido,ES
Pedro Miguel Das Neves,523.***.***-03,59,,Endereco inválido,RS
Maria Luiza Azevedo,064.***.***-47,76,,Endereco inválido,PE
Lorenzo Silva,642.***.***-13,47,,Endereco inválido,RJ
Bianca Souza,673.***.***-40,97,,Endereco inválido,SC
Vitor Azevedo,643.***.***-20,71,,Endereco inválido,AL
Enzo Gabriel Lima,187.***.***-94,57,,Endereco inválido,SP
Eduarda Cunha,093.***.***-32,59,,Endereco inválido,PI
Sra. Nicole Da Rocha,367.***.***-03,79,,Endereco inválido,RR
Ana Clara Santos,430.***.***-04,35,,Endereco inválido,DF
Enzo Gabriel Castro,694.***.***-65,96,,Endereco inválido,PB
Nicole Ferreira,701.***.***-22,28,,Endereco inválido,ES
Erick Sales,498.***.***-48,37,,Endereco inválido,PR
Anthony Barros,742.***.***-07,42,,Endereco inválido,PA
Renan Da Rocha,986.***.***-10,53,,Endereco inválido,RO
Marcela Santos,843.***.***-42,24,,Endereco inválido,RN
Carolina Melo,970.***.***-05,39,,Endereco inválido,SC
Lavínia Rezende,946.***.***-70,44,,Endereco inválido,CE
Srta. Julia Porto,502.***.***-61,75,,Endereco inválido,MA
Alana Cardoso,572.***.***-41,32,,Endereco inválido,PR
Davi Lucas Cardoso,805.***.***-83,28,,Endereco inválido,MT
Raul Santos,315.***.***-03,19,,Endereco inválido,SP
Igor Melo,261.***.***-17,46,,Endereco inválido,PR
Joaquim Da Costa,274.***.***-56,76,,Endereco inválido,SP
João Felipe Farias,936.***.***-01,28,,Endereco inválido,PE
Manuela Almeida,647.***.***-30,75,,Endereco inválido,PE
Ryan Rocha,248.***.***-51,64,,Endereco inválido,PI
Luna Da Conceição,935.***.***-91,96,,Endereco inválido,MA
Manuela Silva,591.***.***-73,19,,Endereco inválido,AL
Maria Vitória Das Neves,761.***.***-34,96,,Endereco inválido,PE
Marcela Cunha,904.***.***-32,45,,Endereco inválido,SE
Bryan Souza,593.***.***-00,66,,Endereco inválido,BA
Kevin Cavalcanti,658.***.***-01,48,,Endereco inválido,PR
Sr. João Gabriel Martins,794.***.***-85,74,,Endereco inválido,MA
Gabriela Da Mata,746.***.***-90,67,,Endereco inválido,CE
Srta. Júlia Fernandes,650.***.***-98,48,,Endereco inválido,TO
Bárbara Silveira,386.***.***-04,40,,Endereco inválido,RN
Vinicius Jesus,549.***.***-91,89,,Endereco inválido,RS
Srta. Alice Pires,536.***.***-56,41,,Endereco inválido,RO
Lara Ferreira,698.***.***-75,72,,Endereco inválido,RS
Felipe Freitas,863.***.***-01,98,,Endereco inválido,AC
Maysa Pires,852.***.***-11,68,,Endereco inválido,PR
Letícia Da Mata,308.***.***-31,48,,Endereco inválido,PR
Luigi Cunha,623.***.***-34,92,,Endereco inválido,PA
Lucas Gabriel Gomes,120.***.***-40,20,,Endereco inválido,PI
Emanuelly Costela,152.***.***-97,46,,Endereco inválido,PA
Calebe Nascimento,631.***.***-87,85,,Endereco inválido,RJ
Juan Pires,139.***.***-46,76,,Endereco inválido,MS
Lívia Costa,582.***.***-50,81,,Endereco inválido,AM
Davi Lucas Nunes,679.***.***-03,21,,Endereco inválido,AM
Dr. Lucca Oliveira,806.***.***-75,89,,Endereco inválido,PB
Eduardo Monteiro,037.***.***-65,61,,Endereco inválido,PE
Diogo Moraes,571.***.***-52,47,,Endereco inválido,RJ
Felipe Freitas,657.***.***-57,18,,Endereco inválido,RR
Ryan Peixoto,830.***.***-98,27,,Endereco inválido,TO
Otávio Pires,526.***.***-01,25,,Endereco inválido,MS
Thiago Moreira,023.***.***-03,61,,Endereco inválido,SC
Pietro Lopes,428.***.***-19,61,,Endereco inválido,SP
Gabriela Gomes,317.***.***-50,42,,Endereco inválido,RO
João Miguel Viana,183.***.***-77,23,,Endereco inválido,DF
Sr. Luiz Henrique Nunes,031.***.***-77,76,,Endereco inválido,TO
Srta. Ana Sophia Viana,937.***.***-68,29,,Endereco inválido,AP
Sr. Marcelo Aragão,418.***.***-40,85,,Endereco inválido,TO
Enzo Gabriel Da Mota,018.***.***-24,30,,Endereco inválido,SE
Benjamin Da Rosa,195.***.***-86,99,,Endereco inválido,RJ
Ana Rezende,316.***.***-64,68,,Endereco inválido,PE
Dr. Thomas Dias,267.***.***-03,45,,Endereco inválido,AP
Breno Ribeiro,803.***.***-78,38,,Endereco inválido,MG
Lucas Gabriel Novaes,856.***.***-11,42,,Endereco inválido,SC
Vicente Rodrigues,328.***.***-79,85,,Endereco inválido,RN
João Lucas Vieira,985.***.***-05,38,,Endereco inválido,RN
Dr. Luiz Henrique Freitas,951.***.***-88,47,,Endereco inválido,SC
Dra. Luiza Da Conceição,189.***.***-33,96,,Endereco inválido,PR
Benjamin Cavalcanti,317.***.***-41,26,,Endereco inválido,MT
Murilo Mendes,653.***.***-17,77,,Endereco inválido,SE
Dr. Renan Rezende,609.***.***-38,65,,Endereco inválido,PR
Maysa Porto,081.***.***-84,68,,Endereco inválido,RO
Pedro Lucas Pereira,873.***.***-35,84,,Endereco inválido,CE
Isadora Nogueira,480.***.***-05,50,,Endereco inválido,RJ
Gabriel Ramos,591.***.***-05,76,,Endereco inválido,TO
Yago Ferreira,531.***.***-00,87,,Endereco inválido,RS
Samuel Da Mata,521.***.***-11,21,,Endereco inválido,MG
Dr. Rafael Souza,436.***.***-07,45,,Endereco inválido,AM
Vitor Hugo Lima,450.***.***-80,85,,Endereco inválido,PR
Dr. Bernardo Da Cruz,230.***.***-50,21,,Endereco inválido,AM
Caio Da Cunha,926.***.***-00,93,,Endereco inválido,RO
Stephany Duarte,642.***.***-46,97,,Endereco inválido,SE
Kevin Da Conceição,074.***.***-94,63,,Endereco inválido,PE
Srta. Giovanna Aragão,142.***.***-17,76,,Endereco inválido,AL
Pedro Henrique Pinto,653.***.***-37,25,,Endereco inválido,CE
Joaquim Da Cruz,532.***.***-41,30,,Endereco inválido,AM
Leandro Souza,560.***.***-86,29,,Endereco inválido,PI
Beatriz Aragão,805.***.***-04,52,,Endereco inválido,AL
Carlos Eduardo Teixeira,546.***.***-98,48,,Endereco inválido,ES
Joana Da Rocha,915.***.***-33,46,,Endereco inválido,MG
Lucas Gabriel Da Luz,203.***.***-70,18,,Endereco inválido,DF
Davi Lucas Da Costa,502.***.***-52,18,,Endereco inválido,AL
Henrique Da Rocha,713.***.***-44,33,,Endereco inválido,AM
Lorena Fernandes,574.***.***-93,92,,Endereco inválido,PR
Nathan Nogueira,837.***.***-56,44,,Endereco inválido,DF
Srta. Maysa Rezende,726.***.***-55,81,,Endereco inválido,PI
Erick Santos,680.***.***-67,43,,Endereco inválido,TO
Agatha Sales,983.***.***-30,92,,Endereco inválido,SP
Ana Beatriz Moreira,637.***.***-66,63,,Endereco inválido,AM
Antônio Da Rocha,943.***.***-23,26,,Endereco inválido,AM
Dra. Vitória Viana,813.***.***-24,83,,Endereco inválido,RO
Enzo Monteiro,534.***.***-04,43,,Endereco inválido,PR
Bernardo Santos,045.***.***-29,18,,Endereco inválido,PR
Guilherme Cunha,237.***.***-02,25,,Endereco inválido,PI
Raul Rodrigues,193.***.***-33,47,,Endereco inválido,SC
Pietra Lima,591.***.***-39,31,,Endereco inválido,MT
Camila Barbosa,560.***.***-59,37,,Endereco inválido,PA
Kaique Almeida,078.***.***-02,68,,Endereco inválido,MS
Antônio Porto,015.***.***-60,87,,Endereco inválido,RR
Alana Rezende,216.***.***-60,70,,Endereco inválido,ES
Vitor Almeida,134.***.***-00,42,,Endereco inválido,RR
Isabelly Da Mota,709.***.***-48,75,,Endereco inválido,PA
Isis Oliveira,893.***.***-87,77,,Endereco inválido,AL
Carolina Gomes,845.***.***-28,31,,Endereco inválido,AL
Srta. Natália Rodrigues,548.***.***-88,76,,Endereco inválido,MS
Fernando Ramos,032.***.***-38,51,,Endereco inválido,PR
Gabriela Da Cruz,109.***.***-77,26,,Endereco inválido,CE
Noah Cavalcanti,273.***.***-60,83,,Endereco inválido,MT
Clara Moreira,079.***.***-05,50,,Endereco inválido,PB
Laura Araújo,134.***.***-25,54,,Endereco inválido,PI
Dr. Luiz Otávio Sales,472.***.***-60,77,,Endereco inválido,MT
Emilly Da Mata,839.***.***-83,88,,Endereco inválido,ES
Kevin Rodrigues,086.***.***-50,53,,Endereco inválido,PE
Davi Pereira,209.***.***-89,60,,Endereco inválido,MG
Thomas Silva,891.***.***-89,20,,Endereco inválido,RN
Ana Lívia Da Cruz,135.***.***-84,85,,Endereco inválido,RJ
Sr. Vicente Silveira,318.***.***-57,59,,Endereco inválido,PA
Sophie Caldeira,403.***.***-17,36,,Endereco inválido,PA
Gabriel Costa,930.***.***-34,59,,Endereco inválido,PI
Ana Carolina Costa,680.***.***-80,50,,Endereco inválido,RO
Maitê Fogaça,543.***.***-57,26,,Endereco inválido,RN
Bruna Caldeira,259.***.***-03,67,,Endereco inválido,AC
Caroline Moura,593.***.***-25,30,,Endereco inválido,SP
Sra. Ana Júlia Pires,561.***.***-06,46,,Endereco inválido,TO
Dra. Larissa Fernandes,503.***.***-51,43,,Endereco inválido,GO
Rodrigo Da Luz,416.***.***-61,32,,Endereco inválido,PB
Carlos Eduardo Barros,730.***.***-70,31,,Endereco inválido,GO
Ana Laura Silva,047.***.***-66,51,,Endereco inválido,PI
Maitê Nogueira,517.***.***-06,66,,Endereco inválido,SP
Ana Laura Da Luz,681.***.***-90,80,,Endereco inválido,TO
Sra. Brenda Viana,154.***.***-01,75,,Endereco inválido,ES
Augusto Teixeira,360.***.***-47,93,,Endereco inválido,AM
Dr. Francisco Lima,318.***.***-70,65,,Endereco inválido,AP
Isaac Da Luz,293.***.***-83,74,,Endereco inválido,RO
Calebe Jesus,068.***.***-00,46,,Endereco inválido,SC
Kevin Melo,786.***.***-22,57,,Endereco inválido,BA
Pedro Miguel Peixoto,079.***.***-68,49,,Endereco inválido,DF
Gabrielly Almeida,498.***.***-00,29,,Endereco inválido,PB
Murilo Correia,197.***.***-93,33,,Endereco inválido,SP
Matheus Dias,156.***.***-53,82,,Endereco inválido,DESCONHECIDO
Stella Cardoso,798.***.***-39,55,,Endereco inválido,GO
Marcela Barbosa,509.***.***-66,61,,Endereco inválido,MS
Ana Carolina Pires,612.***.***-06,87,,Endereco inválido,RS
Helena Aragão,791.***.***-23,84,,Endereco inválido,AP
João Gabriel Oliveira,496.***.***-09,96,,Endereco inválido,MA
Maria Cecília Vieira,491.***.***-64,87,,Endereco inválido,TO
Lorena Rodrigues,461.***.***-90,45,,Endereco inválido,PE
Nicolas Cunha,873.***.***-53,70,,Endereco inválido,GO
Vitor Hugo Ramos,485.***.***-06,29,,Endereco inválido,ES
Luigi Aragão,704.***.***-74,40,,Endereco inválido,DF
Maria Julia Barros,123.***.***-77,49,,Endereco inválido,PE
Luiz Gustavo Silveira,178.***.***-03,93,,Endereco inválido,PR
Ana Júlia Fernandes,795.***.***-76,96,,Endereco inválido,SE
Luiz Miguel Novaes,754.***.***-28,26,,Endereco inválido,MG
Gabriel Santos,142.***.***-30,21,,Endereco inválido,PE
Srta. Sophie Vieira,624.***.***-17,71,,Endereco inválido,PI
Júlia Cardoso,482.***.***-02,88,,Endereco inválido,RS
Dra. Gabriela Jesus,846.***.***-40,49,,Endereco inválido,ES
Dr. João Gabriel Correia,038.***.***-08,48,,Endereco inválido,TO
Luiz Gustavo Jesus,625.***.***-02,98,,Endereco inválido,PI
Rodrigo Ferreira,527.***.***-49,55,,Endereco inválido,MG
Alícia Ribeiro,514.***.***-94,91,,Endereco inválido,MG
Sr. André Da Mata,169.***.***-15,66,,Endereco inválido,SE
Srta. Maria Julia Campos,245.***.***-55,64,,Endereco inválido,SP
João Gabriel Ferreira,018.***.***-03,94,,Endereco inválido,AP
Thomas Moraes,291.***.***-05,60,,Endereco inválido,GO
Clara Melo,860.***.***-57,62,,Endereco inválido,MS
Luigi Cavalcanti,078.***.***-50,33,,Endereco inválido,RN
Dra. Stella Da Costa,340.***.***-51,53,,Endereco inválido,RO
Isabella Da Paz,289.***.***-65,80,,Endereco inválido,AL
Enzo Da Rocha,874.***.***-13,43,,Endereco inválido,GO
Olivia Fernandes,016.***.***-48,50,,Endereco inválido,AP
André Da Mata,648.***.***-08,37,,Endereco inválido,MA
Pedro Henrique Cavalcanti,938.***.***-86,78,,Endereco inválido,SP
Joaquim Silveira,671.***.***-12,20,,Endereco inválido,AC
Mirella Rodrigues,216.***.***-94,46,,Endereco inválido,RJ
Sra. Isabelly Azevedo,087.***.***-76,74,,Endereco inválido,AC
Dr. Samuel Ferreira,720.***.***-87,35,,Endereco inválido,ES
Otávio Carvalho,643.***.***-90,87,,Endereco inválido,SE
Dra. Stephany Da Mota,154.***.***-51,25,,Endereco inválido,MT
Cauê Mendes,152.***.***-44,30,,Endereco inválido,BA
Alexandre Nunes,496.***.***-33,52,,Endereco inválido,MG
Maria Fernanda Aragão,372.***.***-53,67,,Endereco inválido,RS
João Guilherme Silva,820.***.***-30,73,,Endereco inválido,DF
Lorena Rezende,753.***.***-95,73,,Endereco inválido,MG
Maria Sophia Da Cruz,690.***.***-34,68,,Endereco inválido,MG
Milena Das Neves,685.***.***-89,94,,Endereco inválido,PB
Kamilly Da Cunha,520.***.***-80,66,,Endereco inválido,RO
Luiz Miguel Aragão,937.***.***-12,54,,Endereco inválido,AM
Ana Laura Ribeiro,754.***.***-47,37,,Endereco inválido,RJ
Lorena Da Mota,162.***.***-90,56,,Endereco inválido,MA
Emanuella Souza,617.***.***-07,78,,Endereco inválido,PI
Cecília Pinto,498.***.***-30,24,,Endereco inválido,MG
Pedro Henrique Cunha,584.***.***-00,45,,Endereco inválido,CE
Sra. Eloah Da Mota,901.***.***-03,32,,Endereco inválido,SP
Samuel Da Rocha,159.***.***-97,22,,Endereco inválido,TO
Melissa Almeida,705.***.***-92,64,,Endereco inválido,PE
Carlos Eduardo Da Mota,894.***.***-20,98,,Endereco inválido,RN
Dr. Vitor Da Mota,789.***.***-28,48,,Endereco inválido,PE
Dr. Diogo Costela,962.***.***-73,36,,Endereco inválido,PE
Rafaela Rodrigues,578.***.***-60,80,,Endereco inválido,AC
Vitor Hugo Da Conceição,716.***.***-55,25,,Endereco inválido,RR
Ana Laura Caldeira,518.***.***-73,51,,Endereco inválido,PE
Dra. Laura Silveira,472.***.***-49,95,,Endereco inválido,AM
Sr. Rafael Pereira,492.***.***-79,86,,Endereco inválido,PE
Manuela Mendes,518.***.***-60,32,,Endereco inválido,MG
Igor Lopes,073.***.***-22,29,,Endereco inválido,CE
Marcelo Moreira,346.***.***-87,49,,Endereco inválido,ES
Thomas Costela,428.***.***-22,94,,Endereco inválido,RS
Luiz Otávio Gonçalves,637.***.***-90,63,,Endereco inválido,MG
Stella Da Costa,063.***.***-07,54,,Endereco inválido,RR
Luana Da Cruz,083.***.***-86,29,,Endereco inválido,CE
Maria Cecília Lima,132.***.***-89,28,,Endereco inválido,ES
Melissa Teixeira,642.***.***-78,71,,Endereco inválido,RS
Dr. Vinicius Pires,163.***.***-10,38,,Endereco inválido,MS
Luiz Miguel Farias,962.***.***-00,88,,Endereco inválido,RN
Breno Correia,148.***.***-67,40,,Endereco inválido,GO
Laís Costela,306.***.***-53,58,,Endereco inválido,RS
Dr. Diego Da Mata,293.***.***-41,20,,Endereco inválido,MG
Letícia Da Mota,852.***.***-02,30,,Endereco inválido,DF
Luna Ferreira,843.***.***-14,54,,Endereco inválido,RS
Dr. Emanuel Silveira,430.***.***-80,29,,Endereco inválido,PI
Lorena Sales,263.***.***-15,44,,Endereco inválido,AM
Davi Da Mata,846.***.***-39,55,,Endereco inválido,DF
Isabel Melo,748.***.***-09,75,,Endereco inválido,PB
Raul Oliveira,298.***.***-64,93,,Endereco inválido,PA
Levi Da Mata,192.***.***-32,61,,Endereco inválido,CE
Heloísa Castro,587.***.***-44,62,,Endereco inválido,RS
Sra. Júlia Da Paz,046.***.***-74,37,,Endereco inválido,CE
Luana Viana,213.***.***-21,26,,Endereco inválido,SE
Sr. Renan Sales,364.***.***-83,22,,Endereco inválido,AC
Caio Aragão,714.***.***-62,22,,Endereco inválido,RN
Srta. Lavínia Ribeiro,263.***.***-51,75,,Endereco inválido,RJ
Sofia Da Mata,806.***.***-84,21,,Endereco inválido,AM
André Araújo,819.***.***-13,43,,Endereco inválido,CE
Nathan Azevedo,285.***.***-82,85,,Endereco inválido,AM
Camila Teixeira,982.***.***-40,46,,Endereco inválido,RJ
Srta. Clara Souza,510.***.***-71,25,,Endereco inválido,SE
Yuri Nascimento,129.***.***-73,57,,Endereco inválido,AC
Srta. Marcela Gonçalves,148.***.***-87,84,,Endereco inválido,CE
João Ramos,936.***.***-87,50,,Endereco inválido,PR
Renan Rocha,720.***.***-92,42,,Endereco inválido,RS
Sr. Caio Souza,453.***.***-33,51,,Endereco inválido,MG
Clarice Farias,743.***.***-22,55,,Endereco inválido,PI
Marcos Vinicius Jesus,597.***.***-00,72,,Endereco inválido,PA
João Pedro Nunes,910.***.***-42,34,,Endereco inválido,PA
Levi Farias,659.***.***-52,46,,Endereco inválido,GO
Dr. Enzo Da Costa,791.***.***-75,40,,Endereco inválido,AM
Heloísa Alves,029.***.***-79,86,,Endereco inválido,PR
Luiz Henrique Da Mota,842.***.***-91,20,,Endereco inválido,RR
Camila Caldeira,903.***.***-03,54,,Endereco inválido,MA
Arthur Mendes,918.***.***-05,50,,Endereco inválido,SP
João Felipe Campos,362.***.***-06,54,,Endereco inválido,MS
Guilherme Azevedo,174.***.***-16,61,,Endereco inválido,CE
Dra. Laura Cunha,364.***.***-50,46,,Endereco inválido,BA
Noah Moraes,108.***.***-12,55,,Endereco inválido,MG
Davi Lucca Lopes,260.***.***-90,33,,Endereco inválido,AP
Sophia Da Cruz,621.***.***-15,39,,Endereco inválido,PR
Igor Da Luz,740.***.***-85,46,,Endereco inválido,AC
Dr. Samuel Nascimento,692.***.***-73,86,,Endereco inválido,RO
Maria Fernanda Freitas,968.***.***-28,66,,Endereco inválido,DF
Eduarda Costa,206.***.***-68,28,,Endereco inválido,RS
Lorenzo Monteiro,069.***.***-20,43,,Endereco inválido,AP
Caroline Cardoso,618.***.***-17,51,,Endereco inválido,DF
Henrique Da Rocha,329.***.***-99,21,,Endereco inválido,SE
Lucas Gabriel Oliveira,743.***.***-38,52,,Endereco inválido,SE
Sr. Arthur Jesus,418.***.***-93,96,,Endereco inválido,MG
Marcos Vinicius Da Cunha,572.***.***-43,48,,Endereco inválido,PA
Antônio Nogueira,061.***.***-71,19,,Endereco inválido,MT
Sophia Monteiro,601.***.***-15,90,,Endereco inválido,PA
Dr. Leandro Silva,497.***.***-85,56,,Endereco inválido,AM
Amanda Farias,185.***.***-08,99,,Endereco inválido,RJ
Srta. Luna Peixoto,912.***.***-23,53,,Endereco inválido,CE
Sr. Igor Campos,183.***.***-62,54,,Endereco inválido,AP
Maria Sophia Correia,948.***.***-75,99,,Endereco inválido,TO
Bruno Da Cruz,293.***.***-73,23,,Endereco inválido,ES
Amanda Cavalcanti,351.***.***-00,55,,Endereco inválido,AC
Bruno Melo,721.***.***-52,58,,Endereco inválido,AC
Dra. Elisa Nunes,875.***.***-05,35,,Endereco inválido,AP
Calebe Ramos,942.***.***-40,59,,Endereco inválido,TO
Sr. Arthur Moraes,306.***.***-87,81,,Endereco inválido,RJ
Júlia Silveira,913.***.***-57,73,,Endereco inválido,SC
Sra. Isabelly Silva,732.***.***-00,34,,Endereco inválido,DF
Dr. Otávio Azevedo,457.***.***-30,79,,Endereco inválido,CE
Maria Cecília Aragão,264.***.***-49,99,,Endereco inválido,GO
Noah Da Rosa,742.***.***-22,59,,Endereco inválido,DF
Sra. Laura Azevedo,540.***.***-71,37,,Endereco inválido,SP
Dr. Francisco Moreira,702.***.***-08,24,,Endereco inválido,CE
Mariane Das Neves,912.***.***-05,44,,Endereco inválido,SC
Enzo Monteiro,309.***.***-56,33,,Endereco inválido,MG
Diego Da Rocha,093.***.***-83,36,,Endereco inválido,MS
Ana Laura Da Cruz,798.***.***-49,86,,Endereco inválido,RO
Ana Sophia Gomes,384.***.***-46,44,,Endereco inválido,GO
Ana Laura Costa,502.***.***-85,52,,Endereco inválido,SP
Felipe Souza,187.***.***-84,55,,Endereco inválido,SE
Luana Novaes,287.***.***-87,78,,Endereco inválido,RS
Sra. Yasmin Nogueira,360.***.***-15,48,,Endereco inválido,PE
Benício Melo,904.***.***-67,21,,Endereco inválido,DF
Daniela Aragão,726.***.***-53,58,,Endereco inválido,RR
Davi Luiz Sales,740.***.***-13,44,,Endereco inválido,RS
Milena Souza,904.***.***-70,85,,Endereco inválido,SP
Maria Eduarda Ferreira,438.***.***-60,74,,Endereco inválido,AP
Sr. Diogo Lima,302.***.***-00,29,,Endereco inválido,BA
Dr. Carlos Eduardo Araújo,496.***.***-47,39,,Endereco inválido,RR
Marina Gomes,934.***.***-00,98,,Endereco inválido,ES
Gustavo Henrique Duarte,254.***.***-60,23,,Endereco inválido,TO
Caio Ramos,832.***.***-73,27,,Endereco inválido,AL
Rafael Nunes,462.***.***-19,88,,Endereco inválido,TO
Enzo Gabriel Cardoso,726.***.***-67,37,,Endereco inválido,PE
Davi Cardoso,065.***.***-90,18,,Endereco inválido,PA
Daniel Pires,274.***.***-47,39,,Endereco inválido,ES
Brenda Da Mata,532.***.***-19,44,,Endereco inválido,AC
Samuel Dias,852.***.***-24,38,,Endereco inválido,CE
Gustavo Henrique Da Costa,917.***.***-50,19,,Endereco inválido,RO
Theo Fogaça,091.***.***-05,48,,Endereco inválido,MT
Sra. Alexia Carvalho,483.***.***-71,24,,Endereco inválido,AC
Juliana Martins,432.***.***-56,85,,Endereco inválido,RR
Luiz Gustavo Da Rosa,280.***.***-97,85,,Endereco inválido,AL
Gabriela Freitas,367.***.***-26,30,,Endereco inválido,BA
Enzo Gabriel Vieira,812.***.***-76,22,,Endereco inválido,TO
Srta. Luna Nascimento,815.***.***-60,69,,Endereco inválido,AL
Sophie Da Mata,971.***.***-97,70,,Endereco inválido,AL
Clarice Alves,973.***.***-65,23,,Endereco inválido,AC
Catarina Rodrigues,138.***.***-84,84,,Endereco inválido,RR
Antônio Vieira,017.***.***-53,89,,Endereco inválido,PR
Dr. Nicolas Da Conceição,105.***.***-80,26,,Endereco inválido,BA
Maria Alice Da Costa,290.***.***-92,88,,Endereco inválido,MA
Sr. Lucca Martins,906.***.***-70,56,,Endereco inválido,TO
Maitê Gonçalves,034.***.***-20,97,,Endereco inválido,PR
Ana Laura Ferreira,326.***.***-74,72,,Endereco inválido,RO
Sabrina Da Mata,172.***.***-02,30,,Endereco inválido,MS
Alexandre Das Neves,183.***.***-24,93,,Endereco inválido,ES
Isadora Da Cunha,471.***.***-31,54,,Endereco inválido,PE
Dr. Luigi Fernandes,834.***.***-55,72,,Endereco inválido,MT
Sr. Yago Cavalcanti,758.***.***-05,93,,Endereco inválido,AM
Carolina Peixoto,396.***.***-96,63,,Endereco inválido,RN
Ana Lívia Porto,067.***.***-44,74,,Endereco inválido,SE
Henrique Da Mata,896.***.***-74,33,,Endereco inválido,PR
Enrico Aragão,490.***.***-75,93,,Endereco inválido,AP
Milena Cavalcanti,523.***.***-70,25,,Endereco inválido,PR
Davi Lucca Melo,731.***.***-14,96,,Endereco inválido,SP
Clarice Fernandes,192.***.***-73,87,,Endereco inválido,SP
Dr. Luiz Fernando Das Neves,146.***.***-37,58,,Endereco inválido,RO
Caio Azevedo,428.***.***-82,73,,Endereco inválido,AL
Enrico Novaes,457.***.***-38,73,,Endereco inválido,RN
Ana Clara Moreira,075.***.***-53,87,,Endereco inválido,SC
Enrico Ribeiro,965.***.***-66,26,,Endereco inválido,CE
Evelyn Aragão,548.***.***-07,85,,Endereco inválido,GO
Thales Moreira,406.***.***-07,63,,Endereco inválido,RO
Heitor Mendes,097.***.***-61,56,,Endereco inválido,AL
Sarah Nascimento,938.***.***-10,40,,Endereco inválido,CE
Sra. Yasmin Melo,510.***.***-49,18,,Endereco inválido,TO
Sr. Marcelo Costela,895.***.***-38,23,,Endereco inválido,BA
Maria Cecília Araújo,752.***.***-52,76,,Endereco inválido,PA
Enzo Gabriel Ribeiro,965.***.***-02,63,,Endereco inválido,AP
Miguel Da Rosa,168.***.***-03,43,,Endereco inválido,CE
Maria Vitória Ferreira,914.***.***-69,23,,Endereco inválido,SP
Sr. Vitor Gabriel Gomes,348.***.***-60,48,,Endereco inválido,MT
Bianca Pinto,541.***.***-06,80,,Endereco inválido,AL
Igor Melo,519.***.***-39,97,,Endereco inválido,RO
Sra. Vitória Carvalho,528.***.***-38,35,,Endereco inválido,AM
Sofia Duarte,412.***.***-28,18,,Endereco inválido,RR
Brenda Nogueira,160.***.***-33,56,,Endereco inválido,TO
Rafael Fogaça,569.***.***-68,93,,Endereco inválido,SP
Ana Nascimento,295.***.***-61,72,,Endereco inválido,RN
Dr. Juan Da Rocha,475.***.***-80,75,,Endereco inválido,MT
Ana Laura Rocha,531.***.***-70,32,,Endereco inválido,AL
Maria Alice Da Rocha,906.***.***-22,90,,Endereco inválido,AC
Elisa Lopes,790.***.***-30,100,,Endereco inválido,RR
Davi Lucca Pereira,597.***.***-60,70,,Endereco inválido,CE
Marina Fogaça,410.***.***-20,61,,Endereco inválido,PE
Bernardo Ramos,105.***.***-98,81,,Endereco inválido,SE
Ana Lívia Lopes,971.***.***-02,63,,Endereco inválido,GO
Miguel Silva,920.***.***-00,40,,Endereco inválido,PE
Sr. Arthur Da Cruz,693.***.***-38,83,,Endereco inválido,TO
Julia Da Mota,571.***.***-20,75,,Endereco inválido,TO
Agatha Rocha,853.***.***-30,53,,Endereco inválido,RS
Isabel Cardoso,608.***.***-40,95,,Endereco inválido,MG
Marcos Vinicius Moura,451.***.***-19,64,,Endereco inválido,PR
Levi Da Cunha,718.***.***-75,98,,Endereco inválido,SE
Cauã Vieira,427.***.***-61,76,,Endereco inválido,RO
Dra. Isabelly Souza,725.***.***-30,33,,Endereco inválido,RN
Heitor Rezende,174.***.***-39,72,,Endereco inválido,RR
Maria Vitória Jesus,493.***.***-70,47,,Endereco inválido,RS
Emanuel Duarte,762.***.***-76,21,,Endereco inválido,AM
Ian Lima,163.***.***-66,86,,Endereco inválido,AC
Vitor Alves,687.***.***-22,27,,Endereco inválido,DF
Rafael Ramos,946.***.***-84,69,,Endereco inválido,PR
Ryan Da Cunha,412.***.***-52,87,,Endereco inválido,GO
Maria Da Cunha,539.***.***-06,77,,Endereco inválido,PE
Srta. Milena Cardoso,832.***.***-40,66,,Endereco inválido,RJ
Bryan Ramos,043.***.***-89,30,,Endereco inválido,GO
Luigi Santos,273.***.***-52,37,,Endereco inválido,AP
Isabella Duarte,023.***.***-17,43,,Endereco inválido,PI
Sophie Azevedo,214.***.***-49,97,,Endereco inválido,RR
Matheus Carvalho,592.***.***-09,60,,Endereco inválido,RN
Júlia Da Cruz,714.***.***-39,94,,Endereco inválido,PB
Vitor Peixoto,489.***.***-06,76,,Endereco inválido,RS
Amanda Castro,305.***.***-41,43,,Endereco inválido,AM
Lucas Lima,240.***.***-01,91,,Endereco inválido,BA
Raquel Ramos,052.***.***-25,66,,Endereco inválido,RN
Dra. Rebeca Nascimento,431.***.***-37,82,,Endereco inválido,PB
Theo Da Conceição,846.***.***-46,29,,Endereco inválido,SE
Thiago Da Cunha,631.***.***-24,90,,Endereco inválido,RJ
Davi Lucas Moreira,169.***.***-02,59,,Endereco inválido,PA
Helena Costela,950.***.***-68,28,,Endereco inválido,AC
Beatriz Peixoto,243.***.***-96,80,,Endereco inválido,PE
Luigi Fernandes,846.***.***-20,48,,Endereco inválido,PB
Gabrielly Almeida,831.***.***-14,66,,Endereco inválido,MS
Samuel Sales,439.***.***-55,75,,Endereco inválido,MG
Dr. Otávio Costa,095.***.***-59,36,,Endereco inválido,BA
Srta. Ana Beatriz Da Mata,429.***.***-67,91,,Endereco inválido,PA
João Rodrigues,594.***.***-76,25,,Endereco inválido,PE
Nathan Farias,521.***.***-32,39,,Endereco inválido,AL
Dr. Rafael Pereira,581.***.***-55,56,,Endereco inválido,AC
Júlia Pereira,871.***.***-12,29,,Endereco inválido,MT
Dra. Laura Barbosa,031.***.***-04,67,,Endereco inválido,RR
Juliana Pinto,385.***.***-93,70,,Endereco inválido,PI
Joana Monteiro,138.***.***-39,55,,Endereco inválido,TO
Dr. Yago Da Rocha,698.***.***-28,75,,Endereco inválido,MT
Miguel Nogueira,869.***.***-22,56,,Endereco inválido,PI
Isadora Da Rocha,725.***.***-70,95,,Endereco inválido,ES
Clara Costela,380.***.***-50,81,,Endereco inválido,DF
Dr. Enzo Gabriel Rocha,473.***.***-61,62,,Endereco inválido,PA
Maysa Monteiro,615.***.***-44,94,,Endereco inválido,RR
Maria Alice Da Rosa,710.***.***-66,29,,Endereco inválido,RR
Maysa Lopes,196.***.***-76,60,,Endereco inválido,RS
Srta. Yasmin Jesus,586.***.***-44,91,,Endereco inválido,AM
Mariana Costela,372.***.***-00,38,,Endereco inválido,SC
Clara Almeida,842.***.***-92,35,,Endereco inválido,RS
Sofia Aragão,687.***.***-08,35,,Endereco inválido,RS
Elisa Barros,546.***.***-20,27,,Endereco inválido,RN
Joana Silva,349.***.***-57,24,,Endereco inválido,PE
Lorenzo Porto,812.***.***-13,63,,Endereco inválido,GO
Vitória Barbosa,583.***.***-77,47,,Endereco inválido,ES
Alícia Da Rosa,035.***.***-51,83,,Endereco inválido,MG
Lucas Monteiro,739.***.***-75,97,,Endereco inválido,AC
Rodrigo Caldeira,816.***.***-37,47,,Endereco inválido,MT
Luna Rezende,456.***.***-57,51,,Endereco inválido,RN
Diogo Rezende,680.***.***-24,81,,Endereco inválido,PI
Anthony Da Costa,805.***.***-21,65,,Endereco inválido,RO
Sra. Maria Julia Novaes,019.***.***-01,42,,Endereco inválido,BA
João Pedro Peixoto,243.***.***-55,64,,Endereco inválido,PR
Alana Fernandes,198.***.***-09,47,,Endereco inválido,SC
Sra. Mirella Rezende,247.***.***-50,50,,Endereco inválido,ES
Gabrielly Moreira,608.***.***-62,52,,Endereco inválido,AM
Sra. Sofia Souza,605.***.***-48,90,,Endereco inválido,PB
Mariane Melo,735.***.***-77,74,,Endereco inválido,PR
Lorena Souza,048.***.***-49,36,,Endereco inválido,AL
Fernando Da Mata,280.***.***-08,27,,Endereco inválido,PB
Laura Cardoso,821.***.***-17,29,,Endereco inválido,ES
Marina Da Cruz,724.***.***-26,51,,Endereco inválido,PE
Maria Rocha,163.***.***-03,40,,Endereco inválido,RS
Dr. Davi Luiz Nunes,604.***.***-16,88,,Endereco inválido,SP
Vitor Gabriel Costela,175.***.***-43,56,,Endereco inválido,GO
Dr. Luigi Barbosa,641.***.***-39,99,,Endereco inválido,PE
Rodrigo Azevedo,687.***.***-75,22,,Endereco inválido,ES
Pedro Henrique Cardoso,324.***.***-04,50,,Endereco inválido,PA
Sr. João Cardoso,032.***.***-74,19,,Endereco inválido,PR
Maria Julia Nunes,381.***.***-35,76,,Endereco inválido,RN
Fernanda Duarte,453.***.***-15,23,,Endereco inválido,MA
Marcos Vinicius Oliveira,280.***.***-95,81,,Endereco inválido,AL
Leandro Aragão,124.***.***-32,99,,Endereco inválido,AC
Maria Alice Vieira,832.***.***-44,69,,Endereco inválido,SE
Ana Luiza Jesus,541.***.***-91,65,,Endereco inválido,DESCONHECIDO
Guilherme Cardoso,197.***.***-21,72,,Endereco inválido,RS
Luiz Felipe Azevedo,439.***.***-52,49,,Endereco inválido,AC
Nathan Araújo,813.***.***-89,60,,Endereco inválido,AM
Clara Ferreira,467.***.***-28,79,,Endereco inválido,MS
Felipe Da Mata,634.***.***-69,86,,Endereco inválido,PA
Enzo Gabriel Azevedo,789.***.***-48,67,,Endereco inválido,SC
Maitê Barbosa,231.***.***-07,20,,Endereco inválido,MS
Srta. Isis Da Cruz,073.***.***-78,89,,Endereco inválido,TO
Otávio Da Mata,835.***.***-29,51,,Endereco inválido,TO
Sophie Castro,165.***.***-09,40,,Endereco inválido,TO
Diogo Da Cunha,263.***.***-60,33,,Endereco inválido,RJ
Benício Fernandes,389.***.***-77,30,,Endereco inválido,ES
João Pedro Silva,523.***.***-06,45,,Endereco inválido,MG
Heloísa Cunha,260.***.***-83,20,,Endereco inválido,PI
Bruno Novaes,190.***.***-93,72,,Endereco inválido,MS
Levi Cavalcanti,291.***.***-55,80,,Endereco inválido,DF
João Pedro Lopes,407.***.***-96,53,,Endereco inválido,PB
Heloísa Da Luz,569.***.***-57,61,,Endereco inválido,SP
Lorena Gomes,298.***.***-65,20,,Endereco inválido,AP
Milena Vieira,623.***.***-51,97,,Endereco inválido,PB
Milena Ramos,160.***.***-34,46,,Endereco inválido,PB
Vitor Hugo Ramos,286.***.***-78,73,,Endereco inválido,MA
Ana Julia Nascimento,197.***.***-31,64,,Endereco inválido,SE
Dr. Enrico Carvalho,254.***.***-00,54,,Endereco inválido,MT
Vitor Hugo Cunha,701.***.***-39,91,,Endereco inválido,PA
Dr. Samuel Moura,402.***.***-05,22,,Endereco inválido,MT
Luana Nascimento,314.***.***-50,30,,Endereco inválido,CE
Dra. Maria Vitória Viana,250.***.***-00,98,,Endereco inválido,PR
Sr. Calebe Duarte,936.***.***-04,60,,Endereco inválido,AM
Leonardo Costela,624.***.***-29,31,,Endereco inválido,MG
Benício Moreira,136.***.***-24,44,,Endereco inválido,MA
Lucca Mendes,819.***.***-76,83,,Endereco inválido,MG
Sophie Farias,741.***.***-00,87,,Endereco inválido,AM
Bruna Da Rocha,845.***.***-19,62,,Endereco inválido,TO
Heitor Nascimento,493.***.***-84,81,,Endereco inválido,MT
Rafael Porto,629.***.***-30,27,,Endereco inválido,MG
Luiz Miguel Da Paz,647.***.***-80,30,,Endereco inválido,MG
Srta. Pietra Duarte,913.***.***-04,96,,Endereco inválido,PR
Eloah Cunha,908.***.***-60,22,,Endereco inválido,PI
Bruna Rodrigues,625.***.***-67,21,,Endereco inválido,GO
Felipe Monteiro,172.***.***-68,97,,Endereco inválido,CE
Isis Campos,178.***.***-41,38,,Endereco inválido,PE
Vitor Novaes,586.***.***-08,77,,Endereco inválido,PI
Yago Porto,907.***.***-01,42,,Endereco inválido,CE
Guilherme Campos,354.***.***-79,55,,Endereco inválido,BA
Vitor Moraes,297.***.***-99,26,,Endereco inválido,TO
João Gabriel Jesus,790.***.***-01,98,,Endereco inválido,ES
Dr. Vitor Hugo Rezende,796.***.***-58,28,,Endereco inválido,AP
Dr. Arthur Carvalho,081.***.***-97,38,,Endereco inválido,RR
Ryan Mendes,239.***.***-55,45,,Endereco inválido,MG
Ana Laura Silva,485.***.***-47,77,,Endereco inválido,AM
Lorenzo Novaes,370.***.***-05,44,,Endereco inválido,AL
Cauê Cardoso,019.***.***-60,18,,Endereco inválido,AL
Dra. Ana Luiza Silveira,324.***.***-40,82,,Endereco inválido,MT
Lavínia Azevedo,318.***.***-03,75,,Endereco inválido,BA
Bruna Ribeiro,352.***.***-10,71,,Endereco inválido,AP
Theo Da Mata,758.***.***-44,66,,Endereco inválido,AL
João Gabriel Porto,956.***.***-91,51,,Endereco inválido,GO
Maria Julia Freitas,178.***.***-53,73,,Endereco inválido,RS
Dr. Otávio Barros,683.***.***-21,26,,Endereco inválido,RR
Yasmin Gomes,827.***.***-35,99,,Endereco inválido,MA
Sofia Novaes,576.***.***-83,44,,Endereco inválido,MT
Ian Da Luz,152.***.***-77,35,,Endereco inválido,PB
Davi Luiz Souza,857.***.***-53,77,,Endereco inválido,PE
Cecília Araújo,032.***.***-26,20,,Endereco inválido,MT
Luiz Gustavo Duarte,381.***.***-44,60,,Endereco inválido,DF
Ana Julia Cardoso,704.***.***-88,27,,Endereco inválido,MG
Gabrielly Lima,560.***.***-30,98,,Endereco inválido,RN
Heloísa Ribeiro,437.***.***-37,63,,Endereco inválido,RJ
Letícia Costa,530.***.***-70,43,,Endereco inválido,RN
Ana Beatriz Da Rocha,438.***.***-04,79,,Endereco inválido,GO
Benjamin Moura,975.***.***-97,21,,Endereco inválido,AL
Ana Julia Fogaça,103.***.***-70,37,,Endereco inválido,RR
Clara Da Mata,354.***.***-00,40,,Endereco inválido,MT
Fernanda Oliveira,102.***.***-14,42,,Endereco inválido,RN
Laura Das Neves,723.***.***-29,25,,Endereco inválido,GO
Lívia Teixeira,694.***.***-29,39,,Endereco inválido,AL
Eloah Moreira,904.***.***-00,89,,Endereco inválido,CE
Lívia Cardoso,619.***.***-61,87,,Endereco inválido,PE
Augusto Freitas,930.***.***-01,62,,Endereco inválido,AL
Raquel Fernandes,467.***.***-94,76,,Endereco inválido,AM
Sr. Anthony Da Costa,614.***.***-07,32,,Endereco inválido,PI
Murilo Melo,431.***.***-80,22,,Endereco inválido,MS
Srta. Mirella Barbosa,430.***.***-75,85,,Endereco inválido,SE
Gabriela Das Neves,437.***.***-65,40,,Endereco inválido,AL
Bruno Da Cunha,259.***.***-24,29,,Endereco inválido,MA
Natália Rezende,784.***.***-11,61,,Endereco inválido,MG
Emilly Caldeira,732.***.***-07,23,,Endereco inválido,MA
Levi Azevedo,639.***.***-91,85,,Endereco inválido,PI
Nicole Da Rocha,567.***.***-90,23,,Endereco inválido,CE
Joana Moreira,435.***.***-51,64,,Endereco inválido,DF
Maria Eduarda Almeida,573.***.***-56,72,,Endereco inválido,PB
Marcela Da Cruz,876.***.***-78,92,,Endereco inválido,CE
Isaac Oliveira,209.***.***-01,50,,Endereco inválido,MT
Manuela Pinto,094.***.***-20,39,,Endereco inválido,AM
Bryan Ramos,681.***.***-94,36,,Endereco inválido,MS
Sr. Enzo Gabriel Fernandes,769.***.***-21,18,,Endereco inválido,RR
Brenda Ramos,269.***.***-83,97,,Endereco inválido,PI
Yuri Rezende,564.***.***-89,97,,Endereco inválido,AC
Luiz Miguel Da Costa,630.***.***-34,74,,Endereco inválido,PR
Enzo Nogueira,187.***.***-69,63,,Endereco inválido,PB
Davi Lucca Azevedo,035.***.***-10,67,,Endereco inválido,PA
Luiz Otávio Fernandes,716.***.***-85,69,,Endereco inválido,PE
Thomas Correia,083.***.***-66,77,,Endereco inválido,AC
Davi Lucca Teixeira,647.***.***-26,82,,Endereco inválido,GO
Luiz Gustavo Ribeiro,149.***.***-78,29,,Endereco inválido,PA
Pietra Da Mata,427.***.***-08,66,,Endereco inválido,AP
Joaquim Azevedo,016.***.***-16,69,,Endereco inválido,RN
Sra. Agatha Melo,506.***.***-60,26,,Endereco inválido,RN
Maria Julia Lopes,613.***.***-68,55,,Endereco inválido,GO
Dr. Marcelo Cardoso,862.***.***-07,78,,Endereco inválido,RN
Catarina Moreira,207.***.***-11,33,,Endereco inválido,RO
Heitor Vieira,089.***.***-92,74,,Endereco inválido,MT
Luiz Fernando Da Luz,071.***.***-01,73,,Endereco inválido,RR
Sabrina Silva,216.***.***-69,84,,Endereco inválido,AL
Luiz Henrique Martins,648.***.***-82,45,,Endereco inválido,RJ
Catarina Carvalho,196.***.***-10,46,,Endereco inválido,AL
Ana Vitória Azevedo,529.***.***-01,76,,Endereco inválido,AP
Thales Campos,412.***.***-89,81,,Endereco inválido,SP
Thales Oliveira,369.***.***-50,82,,Endereco inválido,AM
Fernanda Cavalcanti,912.***.***-51,70,,Endereco inválido,AP
Dr. João Gabriel Da Conceição,831.***.***-00,46,,Endereco inválido,RR
Noah Barros,310.***.***-86,32,,Endereco inválido,MS
Dr. Felipe Novaes,685.***.***-59,51,,Endereco inválido,RJ
Luiz Fernando Aragão,120.***.***-01,19,,Endereco inválido,SE
Marina Ramos,068.***.***-10,60,,Endereco inválido,MT
Dra. Joana Lopes,619.***.***-11,57,,Endereco inválido,SP
Isabel Duarte,146.***.***-87,57,,Endereco inválido,MT
Paulo Jesus,078.***.***-92,53,,Endereco inválido,PR
Laura Costa,540.***.***-25,84,,Endereco inválido,AP
Sra. Milena Pinto,280.***.***-24,64,,Endereco inválido,RO
Danilo Ribeiro,109.***.***-80,67,,Endereco inválido,TO
Lívia Nunes,742.***.***-23,49,,Endereco inválido,PI
Alícia Rodrigues,349.***.***-16,51,,Endereco inválido,RS
Agatha Rezende,057.***.***-79,94,,Endereco inválido,RR
Juliana Santos,605.***.***-59,93,,Endereco inválido,MS
Maria Fernanda Da Conceição,408.***.***-50,62,,Endereco inválido,RJ
Daniela Barbosa,861.***.***-64,35,,Endereco inválido,DF
Arthur Pinto,562.***.***-25,30,,Endereco inválido,SP
Emanuel Aragão,910.***.***-57,42,,Endereco inválido,SC
Dra. Alice Vieira,936.***.***-00,77,,Endereco inválido,MA
Maria Cecília Moreira,805.***.***-71,65,,Endereco inválido,DF
Maria Vitória Campos,380.***.***-57,55,,Endereco inválido,MA
Isabel Da Conceição,819.***.***-93,89,,Endereco inválido,CE
,013.***.***-69,44,,Endereco inválido,AL
Dr. Thomas Nunes,967.***.***-46,81,,Endereco inválido,SE
Lucca Moura,718.***.***-35,37,,Endereco inválido,SE
Diogo Souza,169.***.***-95,65,,Endereco inválido,AP
Juliana Costa,980.***.***-39,53,,Endereco inválido,AL
Eduarda Da Costa,739.***.***-48,88,,Endereco inválido,MT
Alana Freitas,427.***.***-73,50,,Endereco inválido,BA
Murilo Ramos,374.***.***-00,97,,Endereco inválido,DF
Cecília Souza,294.***.***-30,20,,Endereco inválido,BA
Raul Martins,187.***.***-26,96,,Endereco inválido,RR
Renan Cavalcanti,072.***.***-77,69,,Endereco inválido,CE
Sr. Diego Pires,842.***.***-41,34,,Endereco inválido,AC
Sofia Da Rocha,719.***.***-03,57,,Endereco inválido,CE
Lorenzo Dias,271.***.***-04,98,,Endereco inválido,SC
Sr. Vitor Souza,426.***.***-83,74,,Endereco inválido,MG
Vitor Gabriel Cardoso,354.***.***-50,30,,Endereco inválido,GO
Pedro Rodrigues,790.***.***-20,98,,Endereco inválido,PI
Eduarda Teixeira,745.***.***-17,76,,Endereco inválido,MA
Daniel Oliveira,753.***.***-08,34,,Endereco inválido,DF
Isadora Nogueira,129.***.***-05,29,,Endereco inválido,PR
Sr. Fernando Moraes,768.***.***-95,96,,Endereco inválido,PA
Luiza Araújo,246.***.***-10,70,,Endereco inválido,CE
Maria Luiza Pires,620.***.***-67,46,,Endereco inválido,SC
João Lucas Das Neves,974.***.***-49,49,,Endereco inválido,SP
Vitor Gabriel Carvalho,387.***.***-92,86,,Endereco inválido,PR
Henrique Sales,196.***.***-39,57,,Endereco inválido,BA
Henrique Ferreira,360.***.***-07,29,,Endereco inválido,GO
Dra. Raquel Da Mota,263.***.***-78,33,,Endereco inválido,TO
Levi Melo,513.***.***-09,36,,Endereco inválido,MS
Ana Luiza Gomes,287.***.***-12,32,,Endereco inválido,PA
Isaac Fernandes,572.***.***-07,77,,Endereco inválido,PI
Leandro Fernandes,018.***.***-15,65,,Endereco inválido,BA
Dr. Breno Sales,135.***.***-42,77,,Endereco inválido,AL
Rafael Araújo,481.***.***-17,84,,Endereco inválido,CE
Eduardo Da Costa,043.***.***-31,73,,Endereco inválido,PA
Dra. Larissa Fernandes,562.***.***-00,97,,Endereco inválido,ES
Milena Da Rocha,864.***.***-49,80,,Endereco inválido,MS
Eduarda Aragão,362.***.***-90,76,,Endereco inválido,TO
Sr. Ian Barbosa,149.***.***-70,66,,Endereco inválido,PB
Ian Cardoso,731.***.***-78,83,,Endereco inválido,AP
Vitor Gabriel Ferreira,916.***.***-01,53,,Endereco inválido,SE
Rodrigo Melo,982.***.***-89,44,,Endereco inválido,AC
Anthony Rezende,831.***.***-66,93,,Endereco inválido,SC
Sra. Bianca Farias,783.***.***-26,32,,Endereco inválido,MG
João Carvalho,298.***.***-50,91,,Endereco inválido,RR
Benício Da Costa,783.***.***-07,29,,Endereco inválido,PR
Yuri Alves,896.***.***-03,86,,Endereco inválido,SE
Gabriela Da Rosa,210.***.***-31,76,,Endereco inválido,AL
Eduarda Da Conceição,238.***.***-00,99,,Endereco inválido,ES
Vicente Aragão,875.***.***-88,97,,Endereco inválido,AL
Srta. Sabrina Teixeira,682.***.***-89,88,,Endereco inválido,AP
Antônio Santos,198.***.***-03,85,,Endereco inválido,MT
Dr. Lucca Pinto,526.***.***-09,21,,Endereco inválido,DF
Emilly Vieira,924.***.***-33,72,,Endereco inválido,RS
Dr. Gabriel Da Mata,701.***.***-69,59,,Endereco inválido,RS
Emanuella Azevedo,406.***.***-01,69,,Endereco inválido,GO
Ana Julia Rocha,618.***.***-60,47,,Endereco inválido,PI
Milena Castro,482.***.***-82,60,,Endereco inválido,RJ
Lavínia Peixoto,204.***.***-50,72,,Endereco inválido,RN
Enzo Gabriel Gomes,893.***.***-40,28,,Endereco inválido,MG
Laura Fogaça,196.***.***-80,34,,Endereco inválido,PA
Sr. Vitor Da Mata,062.***.***-78,60,,Endereco inválido,DESCONHECIDO
Sophie Pinto,023.***.***-40,29,,Endereco inválido,SC
Sr. Kaique Peixoto,726.***.***-47,62,,Endereco inválido,ES
Luiz Henrique Mendes,248.***.***-76,90,,Endereco inválido,RO
Ana Beatriz Pereira,798.***.***-01,54,,Endereco inválido,MG
Sr. Rafael Silva,238.***.***-15,26,,Endereco inválido,PE
Dra. Olivia Mendes,189.***.***-05,90,,Endereco inválido,RR
Eduardo Sales,052.***.***-74,39,,Endereco inválido,DF
André Rodrigues,375.***.***-91,73,,Endereco inválido,GO
Sophia Cavalcanti,092.***.***-56,91,,Endereco inválido,PR
Carolina Sales,519.***.***-40,32,,Endereco inválido,DF
Lucas Monteiro,654.***.***-37,76,,Endereco inválido,PI
João Felipe Dias,850.***.***-42,52,,Endereco inválido,SE
Dr. Ian Fogaça,248.***.***-32,93,,Endereco inválido,RJ
Lorena Barros,785.***.***-10,83,,Endereco inválido,MG
Sra. Ana Clara Teixeira,760.***.***-59,49,,Endereco inválido,SE
Natália Monteiro,481.***.***-60,81,,Endereco inválido,AM
Eduarda Duarte,893.***.***-30,20,,Endereco inválido,CE
Larissa Carvalho,632.***.***-37,91,,Endereco inválido,AL
Lara Moraes,549.***.***-09,19,,Endereco inválido,PI
Sophie Da Rosa,254.***.***-50,97,,Endereco inválido,AM
Olivia Martins,391.***.***-39,82,,Endereco inválido,DF
Thomas Barros,105.***.***-12,72,,Endereco inválido,AM
Davi Luiz Azevedo,478.***.***-31,59,,Endereco inválido,PB
Danilo Santos,297.***.***-55,97,,Endereco inválido,AC
Sr. Enzo Porto,496.***.***-67,98,,Endereco inválido,MA
Bianca Alves,304.***.***-57,67,,Endereco inválido,MS
Alexia Das Neves,267.***.***-00,85,,Endereco inválido,SE
Esther Campos,523.***.***-53,58,,Endereco inválido,PI
Ana Júlia Freitas,584.***.***-17,58,,Endereco inválido,AC
Maria Vitória Da Mata,826.***.***-76,57,,Endereco inválido,RO
Ryan Da Mata,172.***.***-80,20,,Endereco inválido,GO
Emilly Ribeiro,584.***.***-05,22,,Endereco inválido,PA
Bernardo Pinto,217.***.***-12,94,,Endereco inválido,PA
Nicole Peixoto,829.***.***-89,68,,Endereco inválido,MS
Isaac Da Conceição,867.***.***-85,75,,Endereco inválido,AM
Davi Lucca Santos,571.***.***-73,62,,Endereco inválido,RJ
Paulo Lopes,186.***.***-11,67,,Endereco inválido,MG
Sophie Vieira,938.***.***-83,36,,Endereco inválido,MA
Rodrigo Da Cruz,648.***.***-11,51,,Endereco inválido,GO
Sr. Samuel Barbosa,903.***.***-23,30,,Endereco inválido,RS
Dr. Cauê Ramos,109.***.***-34,70,,Endereco inválido,DF
Bruno Jesus,354.***.***-42,27,,Endereco inválido,RN
Lívia Correia,843.***.***-65,52,,Endereco inválido,MS
Enrico Da Rocha,241.***.***-05,26,,Endereco inválido,PA
Rafaela Aragão,269.***.***-22,73,,Endereco inválido,PB
Larissa Lopes,015.***.***-12,78,,Endereco inválido,SC
Isadora Carvalho,917.***.***-13,99,,Endereco inválido,SC
Sr. Vitor Da Rocha,234.***.***-51,77,,Endereco inválido,TO
Isadora Pereira,501.***.***-06,92,,Endereco inválido,BA
Dr. Bernardo Da Cunha,147.***.***-79,50,,Endereco inválido,MT
Gabrielly Mendes,954.***.***-50,46,,Endereco inválido,RJ
Sr. Bruno Da Mata,473.***.***-99,94,,Endereco inválido,TO
Breno Rocha,237.***.***-52,60,,Endereco inválido,PA
Luigi Ferreira,148.***.***-19,69,,Endereco inválido,AP
Davi Lucca Da Cruz,862.***.***-78,71,,Endereco inválido,AL
Henrique Almeida,824.***.***-31,59,,Endereco inválido,MS
Dr. Vitor Hugo Caldeira,943.***.***-42,36,,Endereco inválido,SE
Alexia Souza,348.***.***-48,70,,Endereco inválido,MT
Luiza Azevedo,683.***.***-92,73,,Endereco inválido,AL
Dr. Kaique Da Mota,143.***.***-60,92,,Endereco inválido,TO
Laura Lima,051.***.***-41,82,,Endereco inválido,SP
Raul Rodrigues,039.***.***-05,55,,Endereco inválido,BA
Joaquim Melo,305.***.***-21,91,,Endereco inválido,PE
Benjamin Cardoso,054.***.***-44,80,,Endereco inválido,AL
João Miguel Lopes,741.***.***-26,33,,Endereco inválido,ES
Letícia Da Mota,587.***.***-02,24,,Endereco inválido,CE
Levi Da Rocha,840.***.***-92,40,,Endereco inválido,AC
Lorena Caldeira,625.***.***-60,53,,Endereco inválido,BA
Cauê Nogueira,473.***.***-64,96,,Endereco inválido,ES
Sra. Yasmin Ferreira,805.***.***-68,85,,Endereco inválido,RN
Nicole Almeida,529.***.***-79,90,,Endereco inválido,MG
Breno Pereira,916.***.***-91,28,,Endereco inválido,PI
Clara Dias,190.***.***-50,38,,Endereco inválido,DF
Dra. Milena Vieira,237.***.***-87,69,,Endereco inválido,MG
Vitor Gabriel Porto,394.***.***-43,86,,Endereco inválido,ES
Sr. Erick Da Rosa,971.***.***-84,25,,Endereco inválido,AL
Marcos Vinicius Da Cunha,709.***.***-04,32,,Endereco inválido,RN
Sra. Nina Pires,651.***.***-26,44,,Endereco inválido,RS
Felipe Ribeiro,259.***.***-60,77,,Endereco inválido,PE
Maria Julia Porto,864.***.***-07,35,,Endereco inválido,GO
Pedro Cardoso,125.***.***-50,35,,Endereco inválido,PA
Enrico Gonçalves,637.***.***-46,84,,Endereco inválido,MG
Murilo Campos,031.***.***-22,97,,Endereco inválido,SP
Olivia Porto,608.***.***-65,38,,Endereco inválido,AC
Mirella Da Conceição,854.***.***-05,39,,Endereco inválido,AM
Stephany Cardoso,453.***.***-46,89,,Endereco inválido,RO
Dr. Gabriel Souza,432.***.***-52,23,,Endereco inválido,CE
Davi Jesus,914.***.***-70,51,,Endereco inválido,RO
Guilherme Freitas,517.***.***-07,43,,Endereco inválido,SE
Theo Costa,705.***.***-49,81,,Endereco inválido,RN
Dr. Gustavo Henrique Das Neves,430.***.***-00,98,,Endereco inválido,MA
Maria Luiza Gomes,821.***.***-53,80,,Endereco inválido,BA
Davi Lucas Peixoto,610.***.***-07,36,,Endereco inválido,RJ
Bruna Almeida,610.***.***-57,72,,Endereco inválido,PR
Juliana Ramos,846.***.***-05,20,,Endereco inválido,AM
Sarah Nascimento,560.***.***-99,77,,Endereco inválido,MT
Brenda Da Luz,037.***.***-22,74,,Endereco inválido,PE
Heloísa Da Costa,648.***.***-19,80,,Endereco inválido,SE
Emanuella Araújo,758.***.***-82,64,,Endereco inválido,AC
Vitor Viana,036.***.***-34,65,,Endereco inválido,AC
Yago Lopes,720.***.***-59,75,,Endereco inválido,RO
Lívia Souza,308.***.***-50,35,,Endereco inválido,CE
Gabriela Cavalcanti,359.***.***-41,56,,Endereco inválido,MA
Enzo Nogueira,309.***.***-00,82,,Endereco inválido,MG
Dr. Ian Barbosa,412.***.***-03,90,,Endereco inválido,PI
Gabriela Rocha,348.***.***-35,34,,Endereco inválido,MA
Maria Julia Martins,576.***.***-12,81,,Endereco inválido,PB
Dra. Marina Santos,950.***.***-02,57,,Endereco inválido,DF
Heloísa Teixeira,635.***.***-07,87,,Endereco inválido,PA
Paulo Farias,593.***.***-15,72,,Endereco inválido,AP
Gabrielly Cardoso,127.***.***-43,95,,Endereco inválido,AP
Davi Aragão,598.***.***-20,35,,Endereco inválido,SE
Yago Peixoto,380.***.***-05,95,,Endereco inválido,PI
Erick Da Conceição,983.***.***-83,60,,Endereco inválido,CE
Isis Araújo,216.***.***-13,69,,Endereco inválido,SP
Dr. Nicolas Rezende,460.***.***-49,42,,Endereco inválido,PA
Sr. Samuel Nascimento,914.***.***-24,65,,Endereco inválido,AC
Sra. Maria Fernanda Barbosa,718.***.***-03,90,,Endereco inválido,GO
Luiz Felipe Farias,069.***.***-74,80,,Endereco inválido,AL
Sr. Calebe Silva,402.***.***-49,61,,Endereco inválido,ES
Emanuella Gonçalves,107.***.***-02,69,,Endereco inválido,DESCONHECIDO
Augusto Oliveira,246.***.***-17,32,,Endereco inválido,RO
Pedro Azevedo,953.***.***-65,68,,Endereco inválido,RS
Sra. Maria Luiza Fogaça,650.***.***-06,67,,Endereco inválido,MT
Eduarda Oliveira,365.***.***-83,58,,Endereco inválido,PB
Paulo Ramos,490.***.***-43,21,,Endereco inválido,DF
Beatriz Pires,275.***.***-21,34,,Endereco inválido,MA
Fernando Azevedo,790.***.***-99,28,,Endereco inválido,RO
Eloah Silva,037.***.***-61,89,,Endereco inválido,BA
Caio Araújo,407.***.***-14,34,,Endereco inválido,GO
Sra. Valentina Sales,269.***.***-31,84,,Endereco inválido,MG
Melissa Cunha,719.***.***-73,25,,Endereco inválido,MT
Laís Da Paz,139.***.***-33,97,,Endereco inválido,SP
Heitor Silveira,183.***.***-89,89,,Endereco inválido,MA
Fernanda Moraes,064.***.***-44,45,,Endereco inválido,PI
Alana Souza,801.***.***-42,50,,Endereco inválido,SE
Srta. Caroline Da Rosa,192.***.***-98,51,,Endereco inválido,SP
Stephany Vieira,682.***.***-22,46,,Endereco inválido,MS
Enzo Barros,794.***.***-16,67,,Endereco inválido,GO
Caroline Peixoto,036.***.***-30,67,,Endereco inválido,RR
Maria Vitória Novaes,804.***.***-58,39,,Endereco inválido,GO
Bruna Moura,240.***.***-06,94,,Endereco inválido,MG
Maitê Peixoto,501.***.***-58,61,,Endereco inválido,PI
Dr. Anthony Barbosa,749.***.***-20,20,,Endereco inválido,AP
Alexandre Jesus,269.***.***-34,69,,Endereco inválido,BA
Marcos Vinicius Campos,421.***.***-22,45,,Endereco inválido,RJ
Rebeca Da Rosa,640.***.***-22,11,,Endereco inválido,SC
Henrique Monteiro,378.***.***-73,6,,Endereco inválido,SP
Luigi Da Rosa,316.***.***-87,5,,Endereco inválido,MG
Melissa Dias,170.***.***-05,10,,Endereco inválido,PI
Igor Ramos,695.***.***-77,6,,Endereco inválido,AC
Alice Cardoso,123.***.***-09,4,,Endereco inválido,PR
Breno Freitas,205.***.***-41,16,,Endereco inválido,PA
Ana Lívia Da Paz,347.***.***-69,18,,Endereco inválido,RJ
Sr. Daniel Cavalcanti,609.***.***-33,6,,Endereco inválido,GO
Sr. Pedro Cavalcanti,863.***.***-84,1,,Endereco inválido,BA
Nome Inválido,930.***.***-38,38,,Endereco inválido,RN
Nome Inválido,146.***.***-00,93,,Endereco inválido,PB
Renan Da Luz,294.***.***-23,74,,Endereco inválido,PR
Caroline Costa,401.***.***-88,21,,Endereco inválido,RS
Giovanna Farias,241.***.***-35,40,,Endereco inválido,RJ
Maitê Araújo,496.***.***-55,52,,Endereco inválido,RS
Lavínia Da Mota,039.***.***-00,21,,Endereco inválido,ES
Igor Cardoso,345.***.***-05,49,,Endereco inválido,AM
Maria Julia Campos,018.***.***-13,98,,Endereco inválido,MG
Marcos Vinicius Das Neves,617.***.***-02,86,,Endereco inválido,RO
Isabel Barbosa,986.***.***-02,26,,Endereco inválido,MG
Ryan Gomes,861.***.***-60,57,,Endereco inválido,SP
Breno Duarte,463.***.***-98,66,,Endereco inválido,TO
Eloah Peixoto,064.***.***-16,79,,Endereco inválido,MG
Luiza Sales,726.***.***-80,56,,Endereco inválido,GO
Dr. Alexandre Sales,427.***.***-40,87,,Endereco inválido,SP
Alícia Campos,162.***.***-94,49,,Endereco inválido,GO
Luigi Porto,826.***.***-83,43,,Endereco inválido,PI
